First Name,Last Name,Record Type ID,Family Name,Birthdate,Email,Home Phone
Zebadiah,Lumsden,Camper,Lumsden Family,10/21/01,,9645670935
Yvonne,Mitroshinov,Camper,Mitroshinov Family,11/23/01,,3743025304
Yvon,Daily,Camper,Daily Family,8/3/02,,5809116607
Yasmeen,Parsons,Camper,Parsons Family,9/25/00,,8691036817
Xylia,Sandwick,Camper,Sandwick Family,6/9/99,,7004838719
Winonah,Bockett,Camper,Bockett Family,10/14/01,,5784432631
Wilona,Lisimore,Camper,Lisimore Family,12/10/99,,3405543286
Vikki,Lisimore,Camper,Lisimore Family,7/1/00,,3405543286
Vic,Peert,Camper,Peert Family,10/18/01,,3117646941
Vera,Airton,Camper,Airton Family,5/29/00,,9679924128
Tyne,Parsons,Camper,Parsons Family,3/28/02,,8691036817
Tucker,Boules,Camper,Boules Family,3/4/99,,6508008060
Titos,Thams,Camper,Thams Family,2/26/01,,3603425915
Tibold,Hanselmann,Camper,Hanselmann Family,8/7/99,,8711221638
Tammi,Dederich,Camper,Dederich Family,4/10/01,,2668562290
Susanne,Darcy,Camper,Darcy Family,6/2/00,,8304474430
Susana,Studman,Camper,Studman Family,12/17/99,,1523574938
Spike,Patrick,Camper,Patrick Family,4/7/01,,4069662049
Simonne,Stonehouse,Camper,Stonehouse Family,7/28/02,,5002031016
Sherry,Howie,Camper,Howie Family,10/12/12,,6177522269
Shelba,Criple,Camper,Criple Family,8/14/01,,3641188776
Shawn,Carlesso,Camper,Carlesso Family,6/18/01,,2923617541
Sharleen,Massen,Camper,Massen Family,1/24/99,,6164709430
Sharla,Ourry,Camper,Ourry Family,2/9/02,,8487487825
Shantee,Ethersey,Camper,Ethersey Family,4/23/00,,2058762938
Rori,Wiz,Camper,Wiz Family,10/19/99,,8868137257
Rickard,Howie,Camper,Howie Family,1/12/02,,6177522269
Rennie,Gamlen,Camper,Gamlen Family,3/31/00,,6267936181
Rees,Craighall,Camper,Craighall Family,10/8/02,,1582574543
Raquela,Greenrodd,Camper,Greenrodd Family,2/13/99,,2612462824
Rafael,Pitchers,Camper,Pitchers Family,9/14/00,,2093931996
Phelia,Burmaster,Camper,Burmaster Family,2/1/02,,2741702148
Peterus,Haldin,Camper,Haldin Family,9/4/00,,1089572518
Pavla,Milverton,Camper,Milverton Family,11/18/02,,4611922316
Pavel,Hinkensen,Camper,Hinkensen Family,10/1/99,,5819559684
Pacorro,Christophers,Camper,Christophers Family,12/12/01,,2142569746
Noell,Gromley,Camper,Gromley Family,3/16/02,,8126940015
Nichole,Derry,Camper,Derry Family,9/26/00,,7353123745
Nanon,Moryson,Camper,Moryson Family,12/18/00,,7422469392
Meriel,Massen,Camper,Massen Family,10/21/99,,6164709430
Massimo,Linkleter,Camper,Linkleter Family,9/1/99,,5346060881
Marylynne,Hallmark,Camper,Hallmark Family,9/4/01,,4478981303
Marven,Syde,Camper,Syde Family,6/12/00,,9809294403
Marty,Angell,Camper,Angell Family,5/5/99,,2204760482
Marigold,Hucknall,Camper,Hucknall Family,7/11/99,,9199739339
Marianna,Bucklan,Camper,Bucklan Family,7/14/02,,2383158253
Marget,Izsak,Camper,Izsak Family,10/16/01,,4461669060
Malchy,Flacknoe,Camper,Flacknoe Family,3/2/00,,2392096744
Madelyn,Comins,Camper,Comins Family,2/11/00,,3451672449
Lukas,Patrick,Camper,Patrick Family,5/13/02,,4069662049
Lothario,Lobell,Camper,Lobell Family,3/15/00,,2273897192
Loren,Lillyman,Camper,Lillyman Family,6/9/00,,4312019398
Lindsy,Gromley,Camper,Gromley Family,9/11/01,,8126940015
Lind,Eglinton,Camper,Eglinton Family,9/1/00,,4049339249
Leticia,Kimblin,Camper,Kimblin Family,5/30/99,,2313751497
Lavina,Moryson,Camper,Moryson Family,11/8/99,,7422469392
Laurent,Willgoss,Camper,Willgoss Family,8/7/00,,5806558990
Laetitia,Clotworthy,Camper,Clotworthy Family,6/1/02,,8618360033
Kissee,O'Brollachain,Camper,O'Brollachain Family,9/26/02,,9802930317
Kirsten,Kobierski,Camper,Kobierski Family,1/22/99,,6931660576
Ketti,Comins,Camper,Comins Family,7/16/02,,3451672449
Katti,Kezar,Camper,Kezar Family,7/24/99,,6829355130
Katha,Hinkensen,Camper,Hinkensen Family,7/23/99,,5819559684
Karoly,Balaam,Camper,Balaam Family,10/6/02,,7564939641
Karel,Oddboy,Camper,Oddboy Family,12/16/00,,2796703834
Kare,Southwood,Camper,Southwood Family,3/10/02,,6676888033
Juliette,Corbyn,Camper,Corbyn Family,4/22/01,,9392727791
Josie,Clementet,Camper,Clementet Family,4/9/01,,5409063265
Josiah,Clotworthy,Camper,Clotworthy Family,4/10/99,,8618360033
Jonathan,Veart,Camper,Veart Family,9/5/02,,9465549389
Jermayne,Aitken,Camper,Aitken Family,9/23/99,,5825351521
Jenna,Piperley,Camper,Piperley Family,11/26/01,,7559236380
Jeanelle,Hallmark,Camper,Hallmark Family,8/3/00,,4478981303
Jard,Lanney,Camper,Lanney Family,6/8/99,,6118714684
Jard,Peaurt,Camper,Peaurt Family,3/4/02,,4662282538
Jameson,Jamot,Camper,Jamot Family,6/24/02,,1314830839
Inigo,Kezar,Camper,Kezar Family,12/12/02,,6829355130
Ingrid,Presshaugh,Camper,Presshaugh Family,3/9/02,,3025508174
Ilyse,Wickwarth,Camper,Wickwarth Family,2/10/01,,3678104560
Ilise,Haldin,Camper,Haldin Family,9/6/02,,1089572518
Ilaire,Errigo,Camper,Errigo Family,12/16/02,,2013236576
Iggie,Oddboy,Camper,Oddboy Family,9/8/99,,2796703834
Idette,Desborough,Camper,Desborough Family,12/4/99,,3246180487
Hyacinthia,Inderwick,Camper,Inderwick Family,3/27/01,,1728052976
Hubert,Kobierski,Camper,Kobierski Family,4/23/00,,6931660576
Hermy,De Francesco,Camper,De Francesco Family,8/8/99,,7503454702
Hermie,Mary,Camper,Mary Family,1/20/99,,3098952476
Herby,Clementet,Camper,Clementet Family,9/3/01,,5409063265
Helaine,Milverton,Camper,Milverton Family,9/27/02,,4611922316
Heidi,Derry,Camper,Derry Family,12/25/99,,7353123745
Haskell,Fleg,Camper,Fleg Family,1/28/01,,9334186371
Haily,Linkleter,Camper,Linkleter Family,9/18/00,,5346060881
Gustave,Ceillier,Camper,Ceillier Family,6/17/02,,4005505245
Gregor,Curedell,Camper,Curedell Family,3/10/02,,6265634820
Giovanni,Stayt,Camper,Stayt Family,12/25/02,,8073570550
Gertrude,Filon,Camper,Filon Family,7/17/02,,3004883210
Gerri,Lillyman,Camper,Lillyman Family,3/11/99,,4312019398
Gerianna,Eglinton,Camper,Eglinton Family,8/12/00,,4049339249
Garvey,Kynoch,Camper,Kynoch Family,2/13/00,,7853090180
Gan,Ethersey,Camper,Ethersey Family,9/24/02,,2058762938
Gamaliel,Hanselmann,Camper,Hanselmann Family,6/28/99,,8711221638
Free,Peaurt,Camper,Peaurt Family,4/22/02,,4662282538
Field,Tousy,Camper,Tousy Family,5/23/01,,6222480824
Fianna,Curedell,Camper,Curedell Family,7/5/02,,6265634820
Erminia,Mary,Camper,Mary Family,2/17/99,,3098952476
Erika,Gamlen,Camper,Gamlen Family,11/20/02,,6267936181
Emmalee,Greenrodd,Camper,Greenrodd Family,10/22/99,,2612462824
Elwira,Daily,Camper,Daily Family,12/13/99,,5809116607
Elton,Craighall,Camper,Craighall Family,4/9/00,,1582574543
Elisha,Cardoo,Camper,Cardoo Family,8/17/02,,7756975751
Efren,O'Brollachain,Camper,O'Brollachain Family,5/8/02,,9802930317
Dicky,Inderwick,Camper,Inderwick Family,7/4/99,,1728052976
Diane-marie,Antoszczyk,Camper,Antoszczyk Family,5/6/00,,3805811539
Dee,Hucknall,Camper,Hucknall Family,5/13/99,,9199739339
Debor,Dederich,Camper,Dederich Family,7/13/01,,2668562290
Davine,Squibbes,Camper,Squibbes Family,6/8/00,,8986401658
Dasha,Demcak,Camper,Demcak Family,4/1/99,,4787655576
Darrelle,Criple,Camper,Criple Family,2/15/00,,3641188776
Danika,Westell,Camper,Westell Family,7/23/01,,8879316267
Dale,Darcy,Camper,Darcy Family,6/29/00,,8304474430
Daile,Seville,Camper,Seville Family,6/22/99,,8069079148
Dagny,Joriot,Camper,Joriot Family,3/13/99,,3568760415
Cynthea,Rattray,Camper,Rattray Family,11/8/00,,1141317657
Crystal,Lanney,Camper,Lanney Family,2/7/01,,6118714684
Courtnay,Errigo,Camper,Errigo Family,3/8/01,,2013236576
Cornell,Mitroshinov,Camper,Mitroshinov Family,5/21/02,,3743025304
Corbett,Lovejoy,Camper,Lovejoy Family,4/7/00,,3032856543
Coraline,Ceillier,Camper,Ceillier Family,4/25/99,,4005505245
Chiquia,Lovejoy,Camper,Lovejoy Family,5/26/00,,3032856543
Chaddy,Jamot,Camper,Jamot Family,10/11/02,,1314830839
Carolus,Corbyn,Camper,Corbyn Family,11/2/01,,9392727791
Candie,Roocroft,Camper,Roocroft Family,12/22/02,,4955295292
Cam,Bowry,Camper,Bowry Family,6/28/99,,5814098576
Brooks,Yanuk,Camper,Yanuk Family,11/28/99,,2449770939
Brita,Demcak,Camper,Demcak Family,3/24/00,,4787655576
Brewster,Desborough,Camper,Desborough Family,10/21/99,,3246180487
Brett,Joriot,Camper,Joriot Family,10/4/99,,3568760415
Bond,Kynoch,Camper,Kynoch Family,11/9/00,,7853090180
Bobinette,Pankhurst.,Camper,Pankhurst. Family,9/26/00,,7699504715
Beryle,Filon,Camper,Filon Family,10/3/01,,3004883210
Beatrice,Inder,Camper,Inder Family,9/30/99,,4116932711
Aylmar,Dahlbom,Camper,Dahlbom Family,6/27/99,,1384274520
Averil,Kerwick,Camper,Kerwick Family,8/10/02,,9629706855
Aurilia,Flacknoe,Camper,Flacknoe Family,11/20/01,,2392096744
Aubrey,Symms,Camper,Symms Family,12/1/00,,1813586464
Arel,Christophers,Camper,Christophers Family,7/6/02,,2142569746
Ardelle,Dahlbom,Camper,Dahlbom Family,11/26/00,,1384274520
Annmarie,Castiblanco,Camper,Castiblanco Family,12/7/99,,7226215717
Andris,Baron,Camper,Baron Family,8/23/01,,7391861857
Andriette,Slaymaker,Camper,Slaymaker Family,11/19/02,,7522172516
Amanda,Fleg,Camper,Fleg Family,1/19/00,,9334186371
Amalia,Kimblin,Camper,Kimblin Family,6/22/02,,2313751497
Alverta,Peert,Camper,Peert Family,7/16/00,,3117646941
Allys,Ourry,Camper,Ourry Family,9/9/00,,8487487825
Alfonse,Redgate,Camper,Redgate Family,12/5/00,,5152960735
Alexei,Pankhurst.,Camper,Pankhurst. Family,6/4/00,,7699504715
Aleta,Kerwick,Camper,Kerwick Family,2/14/01,,9629706855
Alanna,Inder,Camper,Inder Family,5/1/02,,4116932711
Aguste,Lumsden,Camper,Lumsden Family,5/8/01,,9645670935
Aggi,Lobell,Camper,Lobell Family,11/17/02,,2273897192
Adda,De Francesco,Camper,De Francesco Family,7/16/02,,7503454702
Abe,Izsak,Camper,Izsak Family,11/10/02,,4461669060
Yasmeen,Sandwick,Guardian,Sandwick Family,,YSandwick@example.com,7004838719
Yale,Massen,Guardian,Massen Family,,YMassen@example.com,6164709430
Woodie,Eglinton,Guardian,Eglinton Family,,WEglinton@example.com,4049339249
Vevay,Linkleter,Guardian,Linkleter Family,,VLinkleter@example.com,5346060881
Terrence,Ceillier,Guardian,Ceillier Family,,TCeillier@example.com,4005505245
Tansy,Balaam,Guardian,Balaam Family,,TBalaam@example.com,7564939641
Tandie,Dederich,Guardian,Dederich Family,,TDederich@example.com,2668562290
Susana,Gamlen,Guardian,Gamlen Family,,SGamlen@example.com,6267936181
Sheri,Kezar,Guardian,Kezar Family,,SKezar@example.com,6829355130
Ruthanne,Airton,Guardian,Airton Family,,RAirton@example.com,9679924128
Rosita,Comins,Guardian,Comins Family,,RComins@example.com,3451672449
Roda,Rattray,Guardian,Rattray Family,,RRattray@example.com,1141317657
Rhea,Joriot,Guardian,Joriot Family,,RJoriot@example.com,3568760415
Randy,Inderwick,Guardian,Inderwick Family,,RInderwick@example.com,1728052976
Ramonda,Castiblanco,Guardian,Castiblanco Family,,RCastiblanco@example.com,7226215717
Piotr,Mary,Guardian,Mary Family,,PMary@example.com,3098952476
Patty,Lobell,Guardian,Lobell Family,,PLobell@example.com,2273897192
Norry,Hinkensen,Guardian,Hinkensen Family,,NHinkensen@example.com,5819559684
Neda,Haldin,Guardian,Haldin Family,,NHaldin@example.com,1089572518
Morgan,Izsak,Guardian,Izsak Family,,MIzsak@example.com,4461669060
Min,Lillyman,Guardian,Lillyman Family,,MLillyman@example.com,4312019398
Mikel,Howie,Guardian,Howie Family,,MHowie@example.com,6177522269
Marjorie,Lumsden,Guardian,Lumsden Family,,MLumsden@example.com,9645670935
Maria,Roocroft,Guardian,Roocroft Family,,MRoocroft@example.com,4955295292
Magdalena,Clementet,Guardian,Clementet Family,,MClementet@example.com,5409063265
Lydon,Boules,Guardian,Boules Family,,LBoules@example.com,6508008060
Luther,Cardoo,Guardian,Cardoo Family,,LCardoo@example.com,7756975751
Loree,Bowry,Guardian,Bowry Family,,LBowry@example.com,5814098576
Lona,Fleg,Guardian,Fleg Family,,LFleg@example.com,9334186371
Lemmie,Clotworthy,Guardian,Clotworthy Family,,LClotworthy@example.com,8618360033
Laurent,Christophers,Guardian,Christophers Family,,LChristophers@example.com,2142569746
Kerry,Ourry,Guardian,Ourry Family,,KOurry@example.com,8487487825
Kelila,Inder,Guardian,Inder Family,,KInder@example.com,4116932711
Kaitlyn,Baron,Guardian,Baron Family,,KBaron@example.com,7391861857
Jude,De Francesco,Guardian,De Francesco Family,,JDeFrancesco@example.com,7503454702
Joyous,Peert,Guardian,Peert Family,,JPeert@example.com,3117646941
Joyan,Angell,Guardian,Angell Family,,JAngell@example.com,2204760482
Joey,Corbyn,Guardian,Corbyn Family,,JCorbyn@example.com,9392727791
Jeremie,Bucklan,Guardian,Bucklan Family,,JBucklan@example.com,2383158253
Jeanette,Desborough,Guardian,Desborough Family,,JDesborough@example.com,3246180487
Jacobo,Seville,Guardian,Seville Family,,JSeville@example.com,8069079148
Iormina,Dahlbom,Guardian,Dahlbom Family,,IDahlbom@example.com,1384274520
Ingar,Lovejoy,Guardian,Lovejoy Family,,ILovejoy@example.com,3032856543
Huntlee,Peaurt,Guardian,Peaurt Family,,HPeaurt@example.com,4662282538
Haven,Aitken,Guardian,Aitken Family,,HAitken@example.com,5825351521
Harriot,Slaymaker,Guardian,Slaymaker Family,,HSlaymaker@example.com,7522172516
Greg,Mitroshinov,Guardian,Mitroshinov Family,,GMitroshinov@example.com,3743025304
Gonzales,Kimblin,Guardian,Kimblin Family,,GKimblin@example.com,2313751497
Genevra,Hallmark,Guardian,Hallmark Family,,GHallmark@example.com,4478981303
Gena,Oddboy,Guardian,Oddboy Family,,GOddboy@example.com,2796703834
Franky,Carlesso,Guardian,Carlesso Family,,FCarlesso@example.com,2923617541
Frankie,Errigo,Guardian,Errigo Family,,FErrigo@example.com,2013236576
Faunie,Greenrodd,Guardian,Greenrodd Family,,FGreenrodd@example.com,2612462824
Evey,Lanney,Guardian,Lanney Family,,ELanney@example.com,6118714684
Erin,Redgate,Guardian,Redgate Family,,ERedgate@example.com,5152960735
Eric,Flacknoe,Guardian,Flacknoe Family,,EFlacknoe@example.com,2392096744
Englebert,Criple,Guardian,Criple Family,,ECriple@example.com,3641188776
Emmie,Presshaugh,Guardian,Presshaugh Family,,EPresshaugh@example.com,3025508174
Eleanore,Derry,Guardian,Derry Family,,EDerry@example.com,7353123745
Dulcia,Kobierski,Guardian,Kobierski Family,,DKobierski@example.com,6931660576
Drusie,Parsons,Guardian,Parsons Family,,DParsons@example.com,8691036817
Dick,Milverton,Guardian,Milverton Family,,DMilverton@example.com,4611922316
Denni,Lisimore,Guardian,Lisimore Family,,DLisimore@example.com,3405543286
Delmer,Squibbes,Guardian,Squibbes Family,,DSquibbes@example.com,8986401658
Cyrus,Piperley,Guardian,Piperley Family,,CPiperley@example.com,7559236380
Curtis,Bockett,Guardian,Bockett Family,,CBockett@example.com,5784432631
Chryste,O'Brollachain,Guardian,O'Brollachain Family,,CO'Brollachain@example.com,9802930317
Charleen,Demcak,Guardian,Demcak Family,,CDemcak@example.com,4787655576
Cathrine,Darcy,Guardian,Darcy Family,,CDarcy@example.com,8304474430
Carissa,Gromley,Guardian,Gromley Family,,CGromley@example.com,8126940015
Candi,Hanselmann,Guardian,Hanselmann Family,,CHanselmann@example.com,8711221638
Burgess,Antoszczyk,Guardian,Antoszczyk Family,,BAntoszczyk@example.com,3805811539
Burch,Pitchers,Guardian,Pitchers Family,,BPitchers@example.com,2093931996
Broderick,Kynoch,Guardian,Kynoch Family,,BKynoch@example.com,7853090180
Brittaney,Moryson,Guardian,Moryson Family,,BMoryson@example.com,7422469392
Bourke,Curedell,Guardian,Curedell Family,,BCuredell@example.com,6265634820
Bessie,Jamot,Guardian,Jamot Family,,BJamot@example.com,1314830839
Berkley,Filon,Guardian,Filon Family,,BFilon@example.com,3004883210
Bennett,Stayt,Guardian,Stayt Family,,BStayt@example.com,8073570550
Benedicta,Craighall,Guardian,Craighall Family,,BCraighall@example.com,1582574543
Becky,Ethersey,Guardian,Ethersey Family,,BEthersey@example.com,2058762938
Bail,Daily,Guardian,Daily Family,,BDaily@example.com,5809116607
Aymer,Patrick,Guardian,Patrick Family,,APatrick@example.com,4069662049
Aron,Southwood,Guardian,Southwood Family,,ASouthwood@example.com,6676888033
Archaimbaud,Burmaster,Guardian,Burmaster Family,,ABurmaster@example.com,2741702148
Amaleta,Pankhurst.,Guardian,Pankhurst. Family,,APankhurst.@example.com,7699504715
Adelheid,Hucknall,Guardian,Hucknall Family,,AHucknall@example.com,9199739339
Abdul,Kerwick,Guardian,Kerwick Family,,AKerwick@example.com,9629706855
Vera,Stonehouse,Guardian,Stonehouse Family,,VStonehouse@example.com,5002031016
Tyne,Studman,Guardian,Studman Family,,TStudman@example.com,1523574938
Tucker,Syde,Guardian,Syde Family,,TSyde@example.com,9809294403
Titos,Symms,Guardian,Symms Family,,TSymms@example.com,1813586464
Tibold,Thams,Guardian,Thams Family,,TThams@example.com,3603425915
Terrence,Tousy,Guardian,Tousy Family,,TTousy@example.com,6222480824
Tansy,Veart,Guardian,Veart Family,,TVeart@example.com,9465549389
Tandie,Westell,Guardian,Westell Family,,TWestell@example.com,8879316267
Tammi,Wickwarth,Guardian,Wickwarth Family,,TWickwarth@example.com,3678104560
Susanne,Willgoss,Guardian,Willgoss Family,,SWillgoss@example.com,5806558990
Susana,Wiz,Guardian,Wiz Family,,SWiz@example.com,8868137257
Susana,Yanuk,Guardian,Yanuk Family,,SYanuk@example.com,2449770939